{
  "metrics": {
    "auc_roc": 0.9994446071600894,
    "auc_pr": 0.9616468003192764,
    "f1": 0.9547836211915389,
    "fnr": 0.0024330900243308973
  },
  "loss_history": [
    0.04229373167873474,
    0.01986430476109187,
    0.014865314200389803,
    0.012505281218572667,
    0.010623153395820083,
    0.009852625416559086,
    0.008845449507628616,
    0.007304249930669342,
    0.007000931447469875,
    0.006748401295524418,
    0.006426699117087481,
    0.006101073192334489,
    0.005887873441699827,
    0.005733525352389144,
    0.005593557124140493,
    0.00545016554069885,
    0.005269286327979021,
    0.005058531793847419,
    0.004876159602416712,
    0.004704855140461995,
    0.004542044785625318,
    0.004380012124025247,
    0.004212745997335827,
    0.004040421424596979,
    0.0038909815665203753,
    0.003778890578174277,
    0.003688199051835558,
    0.003613976791435689,
    0.003541284235880563,
    0.0034799292564326734
  ]
}