{
  "metrics": {
    "auc_roc": 0.2178321117619303,
    "auc_pr": 0.00905972689452345,
    "f1": 0.02448535322518636,
    "fnr": 0.005677210056772131
  },
  "loss_history": [
    1.383947587180556,
    1.3467519731688917,
    1.2259278082847596,
    1.1996666106843112,
    1.106866733484101,
    1.1544310317123145,
    1.0693249919540004,
    1.1557122354340135,
    1.0657747725018283,
    1.0547193894469946,
    1.0462150739786917,
    1.0466502958849857,
    1.0434962665407281,
    1.0454293216320507,
    1.0477441188327052,
    1.0424397183301155,
    1.0501862014385692,
    1.0584188395634033,
    1.0388038390561154,
    1.0420331200800443,
    1.0428782517449897,
    1.0416717604168675,
    1.0580398488044738,
    1.046361183032655,
    1.0512583915392557,
    1.0417725362694055,
    1.0363085256961353,
    0.9906677835866025,
    0.9296361037618236,
    1.1939954099738808
  ]
}