{
  "metrics": {
    "auc_roc": 0.9993179567866004,
    "auc_pr": 0.940336796725883,
    "f1": 0.9183140619171951,
    "fnr": 0.0016220600162205612
  },
  "loss_history": [
    0.04203357491838305,
    0.02094660896350417,
    0.016103925393861636,
    0.01256076923587866,
    0.01083782793398489,
    0.010214549205674415,
    0.009553944878280162,
    0.008263517168857027,
    0.0074705010208121515,
    0.007070692164921447,
    0.006869165066041445,
    0.006600255254786788,
    0.006321831694232267,
    0.006120053261779902,
    0.005974323052520815,
    0.005700894886333691,
    0.005495690060942842,
    0.005333987256806148,
    0.005272012196742652,
    0.005169996122845955,
    0.005070294570177793,
    0.004944951306505684,
    0.004895888566644045,
    0.0047039261265870245,
    0.004575753643487891,
    0.0044371356860848895,
    0.0044041432482762296,
    0.004304596575369176,
    0.004167940377404815,
    0.004018477294920829
  ]
}