{
  "metrics": {
    "auc_roc": 0.9993179567866004,
    "auc_pr": 0.940336796725883,
    "f1": 0.9183140619171951,
    "fnr": 0.0016220600162205612,
    "best_alpha": 1.0,
    "alpha_curve": [
      0.6428524390434791,
      0.6895755519124729,
      0.7693093448480443,
      0.8305802219765595,
      0.8758042162800543,
      0.8837597955793863,
      0.8923004657836647,
      0.9021959184218835,
      0.9127528484301715,
      0.9263504864040415,
      0.9440906859233404,
      0.9564637106438808,
      0.9799236711032288,
      0.9963085411891865,
      0.9983239337990241,
      0.9985811469258635,
      0.9986409132811397,
      0.9987558115059143,
      0.9988645076246764,
      0.9990630500627228,
      0.9993179567866004
    ]
  },
  "loss_history": []
}