{
  "metrics": {
    "auc_roc": 0.9994308888153575,
    "auc_pr": 0.9571272168236216,
    "f1": 0.9647058823529412,
    "fnr": 0.0024330900243308973,
    "best_alpha": 1.0,
    "alpha_curve": [
      0.39037683816021784,
      0.4006575359725567,
      0.4164984101512443,
      0.44075087768472015,
      0.4556749725290397,
      0.4666339070726665,
      0.47997457373345626,
      0.5063348134036454,
      0.5726984100491821,
      0.6011062485866195,
      0.6451489026259783,
      0.7041754195326142,
      0.7386306349622745,
      0.7706287824487423,
      0.8603747390166632,
      0.8886605499926217,
      0.9610392138767423,
      0.9912856925072285,
      0.9984301617497574,
      0.9991054658638302,
      0.9994308888153575
    ]
  },
  "loss_history": [
    0.08009808737196421,
    0.04186821937299611,
    0.033107850196068746,
    0.027406801220617796,
    0.02577657884019509,
    0.0247156950543847,
    0.022482639025700718,
    0.02053245307191422,
    0.019519262092939596,
    0.017235500573981228,
    0.015532478147039288,
    0.01472628421035775,
    0.013604874318759692,
    0.012811019259194534,
    0.012325901668192002,
    0.01193229808227012,
    0.011541412821072235,
    0.011092602866129918,
    0.010691112787054296,
    0.010344585516865838,
    0.010011505085256016,
    0.009740271542155952,
    0.009459658301059614,
    0.009107441329642346,
    0.008842910402045961,
    0.008681091021484974,
    0.008510719282193142,
    0.008277196031259863,
    0.007991631837855829,
    0.007685327359328144
  ]
}