{
  "C1_Vanilla_AE": {
    "auc_roc": 0.625,
    "auc_pr": 0.39285714285714285,
    "f1": 0.5,
    "fnr": 0.5,
    "family": {
      "DoS": NaN,
      "Probe": NaN,
      "R2L": NaN,
      "U2R": NaN
    }
  },
  "C2_GAN": {
    "auc_roc": 0.25,
    "auc_pr": 0.2,
    "f1": 0.0,
    "fnr": 1.0,
    "family": {
      "DoS": NaN,
      "Probe": NaN,
      "R2L": NaN,
      "U2R": NaN
    }
  },
  "C3_AAE_recon": {
    "auc_roc": 0.5625,
    "auc_pr": 0.29166666666666663,
    "f1": 0.5,
    "fnr": 0.0,
    "family": {
      "DoS": NaN,
      "Probe": NaN,
      "R2L": NaN,
      "U2R": NaN
    }
  },
  "C4_AAE_dual": {
    "auc_roc": 0.625,
    "auc_pr": 0.3333333333333333,
    "f1": 0.5,
    "fnr": 0.0,
    "family": {
      "DoS": NaN,
      "Probe": NaN,
      "R2L": NaN,
      "U2R": NaN
    },
    "best_alpha": 0.5,
    "alpha_curve": [
      0.5625,
      0.5625,
      0.5,
      0.4375,
      0.5,
      0.5,
      0.5,
      0.5625,
      0.5625,
      0.5625,
      0.625,
      0.5625,
      0.625,
      0.625,
      0.625,
      0.625,
      0.5625,
      0.5625,
      0.5625,
      0.5625,
      0.5625
    ]
  },
  "C5_RE_Attn_AAE": {
    "auc_roc": 0.625,
    "auc_pr": 0.3333333333333333,
    "f1": 0.5,
    "fnr": 0.0,
    "family": {
      "DoS": NaN,
      "Probe": NaN,
      "R2L": NaN,
      "U2R": NaN
    },
    "best_alpha": 0.7,
    "alpha_curve": [
      0.125,
      0.125,
      0.125,
      0.0625,
      0.125,
      0.375,
      0.375,
      0.375,
      0.5625,
      0.5625,
      0.5625,
      0.5625,
      0.5625,
      0.5625,
      0.625,
      0.625,
      0.625,
      0.625,
      0.625,
      0.625,
      0.625
    ]
  }
}