{
  "C1": {
    "auc_roc": 0.9994446071600894,
    "auc_pr": 0.9616468003192764,
    "f1": 0.9547836211915389,
    "fnr": 0.0024330900243308973,
    "family": {
      "DoS": 0.999486794142107,
      "Probe": 0.9997123207218576,
      "R2L": 0.9448307911219316,
      "U2R": 0.945373641332286
    },
    "label": "Vanilla AE"
  },
  "C2": {
    "auc_roc": 0.2178321117619303,
    "auc_pr": 0.00905972689452345,
    "f1": 0.02448535322518636,
    "fnr": 0.005677210056772131,
    "family": {
      "DoS": 0.21833934044460332,
      "Probe": 0.14119490887969388,
      "R2L": 0.39848495441291987,
      "U2R": 0.4074008578678324
    },
    "label": "GAN Discriminator"
  },
  "C3": {
    "auc_roc": 0.9993179567866004,
    "auc_pr": 0.940336796725883,
    "f1": 0.9183140619171951,
    "fnr": 0.0016220600162205612,
    "family": {
      "DoS": 0.9993585069863784,
      "Probe": 0.999590120674505,
      "R2L": 0.9470515419824725,
      "U2R": 0.9468047918868568
    },
    "label": "Adversarial AE"
  },
  "C4": {
    "auc_roc": 0.9993179567866004,
    "auc_pr": 0.940336796725883,
    "f1": 0.9183140619171951,
    "fnr": 0.0016220600162205612,
    "best_alpha": 1.0,
    "alpha_curve": [
      0.6428524390434791,
      0.6895755519124729,
      0.7693093448480443,
      0.8305802219765595,
      0.8758042162800543,
      0.8837597955793863,
      0.8923004657836647,
      0.9021959184218835,
      0.9127528484301715,
      0.9263504864040415,
      0.9440906859233404,
      0.9564637106438808,
      0.9799236711032288,
      0.9963085411891865,
      0.9983239337990241,
      0.9985811469258635,
      0.9986409132811397,
      0.9987558115059143,
      0.9988645076246764,
      0.9990630500627228,
      0.9993179567866004
    ],
    "family": {
      "DoS": 0.9993585069863784,
      "Probe": 0.999590120674505,
      "R2L": 0.9470515419824725,
      "U2R": 0.9468047918868568
    },
    "label": "AAE Dual Score"
  },
  "C5": {
    "auc_roc": 0.9994308888153575,
    "auc_pr": 0.9571272168236216,
    "f1": 0.9647058823529412,
    "fnr": 0.0024330900243308973,
    "best_alpha": 1.0,
    "alpha_curve": [
      0.39037683816021784,
      0.4006575359725567,
      0.4164984101512443,
      0.44075087768472015,
      0.4556749725290397,
      0.4666339070726665,
      0.47997457373345626,
      0.5063348134036454,
      0.5726984100491821,
      0.6011062485866195,
      0.6451489026259783,
      0.7041754195326142,
      0.7386306349622745,
      0.7706287824487423,
      0.8603747390166632,
      0.8886605499926217,
      0.9610392138767423,
      0.9912856925072285,
      0.9984301617497574,
      0.9991054658638302,
      0.9994308888153575
    ],
    "family": {
      "DoS": 0.9994693543072688,
      "Probe": 0.9997712665780325,
      "R2L": 0.948750005140627,
      "U2R": 0.9489926427346491
    },
    "label": "RE-Attn-AAE (Ours)"
  }
}