{
  "DoS": 60.06925582885742,
  "Probe": 58.54738235473633,
  "R2L": 68.6882095336914,
  "U2R": 68.69781494140625,
  "Normal": NaN
}