{
  "C1": [
    0.04229373167873474,
    0.01986430476109187,
    0.014865314200389803,
    0.012505281218572667,
    0.010623153395820083,
    0.009852625416559086,
    0.008845449507628616,
    0.007304249930669342,
    0.007000931447469875,
    0.006748401295524418,
    0.006426699117087481,
    0.006101073192334489,
    0.005887873441699827,
    0.005733525352389144,
    0.005593557124140493,
    0.00545016554069885,
    0.005269286327979021,
    0.005058531793847419,
    0.004876159602416712,
    0.004704855140461995,
    0.004542044785625318,
    0.004380012124025247,
    0.004212745997335827,
    0.004040421424596979,
    0.0038909815665203753,
    0.003778890578174277,
    0.003688199051835558,
    0.003613976791435689,
    0.003541284235880563,
    0.0034799292564326734
  ],
  "C2": [
    1.383947587180556,
    1.3467519731688917,
    1.2259278082847596,
    1.1996666106843112,
    1.106866733484101,
    1.1544310317123145,
    1.0693249919540004,
    1.1557122354340135,
    1.0657747725018283,
    1.0547193894469946,
    1.0462150739786917,
    1.0466502958849857,
    1.0434962665407281,
    1.0454293216320507,
    1.0477441188327052,
    1.0424397183301155,
    1.0501862014385692,
    1.0584188395634033,
    1.0388038390561154,
    1.0420331200800443,
    1.0428782517449897,
    1.0416717604168675,
    1.0580398488044738,
    1.046361183032655,
    1.0512583915392557,
    1.0417725362694055,
    1.0363085256961353,
    0.9906677835866025,
    0.9296361037618236,
    1.1939954099738808
  ],
  "C3": [
    0.04203357491838305,
    0.02094660896350417,
    0.016103925393861636,
    0.01256076923587866,
    0.01083782793398489,
    0.010214549205674415,
    0.009553944878280162,
    0.008263517168857027,
    0.0074705010208121515,
    0.007070692164921447,
    0.006869165066041445,
    0.006600255254786788,
    0.006321831694232267,
    0.006120053261779902,
    0.005974323052520815,
    0.005700894886333691,
    0.005495690060942842,
    0.005333987256806148,
    0.005272012196742652,
    0.005169996122845955,
    0.005070294570177793,
    0.004944951306505684,
    0.004895888566644045,
    0.0047039261265870245,
    0.004575753643487891,
    0.0044371356860848895,
    0.0044041432482762296,
    0.004304596575369176,
    0.004167940377404815,
    0.004018477294920829
  ],
  "C5": [
    0.08009808737196421,
    0.04186821937299611,
    0.033107850196068746,
    0.027406801220617796,
    0.02577657884019509,
    0.0247156950543847,
    0.022482639025700718,
    0.02053245307191422,
    0.019519262092939596,
    0.017235500573981228,
    0.015532478147039288,
    0.01472628421035775,
    0.013604874318759692,
    0.012811019259194534,
    0.012325901668192002,
    0.01193229808227012,
    0.011541412821072235,
    0.011092602866129918,
    0.010691112787054296,
    0.010344585516865838,
    0.010011505085256016,
    0.009740271542155952,
    0.009459658301059614,
    0.009107441329642346,
    0.008842910402045961,
    0.008681091021484974,
    0.008510719282193142,
    0.008277196031259863,
    0.007991631837855829,
    0.007685327359328144
  ]
}